GENOME_ASSEMBLY,CHROMOSOME,POSITION,REFERENCE_NUCLEOTIDE,ALTERNATE_NUCLEOTIDE,LABEL_SOURCE,RAW_LABEL,BINARY_LABEL
hg38,7,2360792,G,C,ADRD,,0
hg38,7,3301728,C,A,ADRD,,0
hg38,7,36540380,C,A,ADRD,,0
hg38,7,45083658,G,A,ADRD,,0
hg38,7,48245870,C,T,ADRD,,0
hg38,7,76285831,C,G,ADRD,,0
hg38,7,76533992,T,A,ADRD,,0
hg38,7,78019682,C,A,ADRD,,0
hg38,7,100954331,A,G,ADRD,,0
hg38,7,100964820,T,C,ADRD,,0
hg38,7,100965345,C,A,ADRD,,0
hg38,7,100969671,G,A,ADRD,,0
hg38,7,100969680,G,C,ADRD,,0
hg38,7,101004230,C,T,ADRD,,0
hg38,7,102582835,T,C,ADRD,,0
hg38,7,130216235,G,C,ADRD,,0
hg38,7,130733894,G,T,ADRD,,0
hg38,7,142136548,T,C,ADRD,,0
hg38,7,143574035,A,G,ADRD,,0
hg38,7,143755441,T,C,ADRD,,0
hg38,7,144268388,G,A,ADRD,,0
hg38,7,151045297,C,T,ADRD,,0
hg38,7,151381886,A,G,ADRD,,0
hg38,8,166895,A,G,ADRD,,0
hg38,8,7977981,C,T,ADRD,,0
hg38,8,10611636,T,C,ADRD,,0
hg38,8,11331149,C,T,ADRD,,0
hg38,8,18009668,A,G,ADRD,,0
hg38,8,18867743,G,A,ADRD,,0
hg38,8,27921966,G,A,ADRD,,0
hg38,8,37838962,A,G,ADRD,,0
hg38,8,39211246,G,T,ADRD,,0
hg38,8,39211247,C,G,ADRD,,0
hg38,8,54135333,G,A,ADRD,,0
hg38,8,66634580,T,C,ADRD,,0
hg38,8,73613841,G,A,ADRD,,0
hg38,8,85215008,G,C,ADRD,,0
hg38,8,94526413,T,C,ADRD,,0
hg38,8,94851681,A,T,ADRD,,0
hg38,8,124451496,C,G,ADRD,,0
hg38,8,134601763,G,T,ADRD,,0
hg38,8,141447959,C,T,ADRD,,0
hg38,8,141448004,G,A,ADRD,,0
hg38,8,142664978,C,T,ADRD,,0
hg38,8,143858843,T,C,ADRD,,0
hg38,8,143859527,A,G,ADRD,,0
hg38,8,144247668,A,G,ADRD,,0
hg38,8,144355665,C,T,ADRD,,0
hg38,8,144506010,G,C,ADRD,,0
hg38,8,144522729,G,C,ADRD,,0
hg38,9,24899,G,A,ADRD,,1
hg38,9,21334736,G,C,ADRD,,1
hg38,9,33351732,C,T,ADRD,,1
hg38,9,38575698,T,G,ADRD,,1
hg38,9,38595663,T,A,ADRD,,1
hg38,9,39078723,G,A,ADRD,,1
hg38,9,41898919,A,G,ADRD,,1
hg38,9,41898925,A,G,ADRD,,1
hg38,9,41908626,T,A,ADRD,,1
hg38,9,41938253,T,A,ADRD,,1
hg38,9,41953308,A,C,ADRD,,1
hg38,9,41964577,A,C,ADRD,,1
hg38,9,41991685,C,T,ADRD,,1
hg38,9,42187392,G,A,ADRD,,1
hg38,9,42188817,C,T,ADRD,,1
hg38,9,65690975,A,G,ADRD,,1
hg38,9,65737984,G,C,ADRD,,1
hg38,9,71685258,C,A,ADRD,,1
hg38,9,71709323,C,T,ADRD,,1
hg38,9,71722487,T,C,ADRD,,1
hg38,9,76169777,G,A,ADRD,,1
hg38,9,76175266,G,C,ADRD,,1
hg38,9,76175271,G,C,ADRD,,1
hg38,9,94605537,T,G,ADRD,,1
hg38,9,97983599,C,T,ADRD,,1
hg38,9,108855458,C,T,ADRD,,1
hg38,9,110138051,C,T,ADRD,,1
hg38,9,111410190,G,A,ADRD,,1
hg38,9,113389810,T,G,ADRD,,1
hg38,9,123382145,C,T,ADRD,,1
hg38,9,123382237,C,T,ADRD,,1
hg38,9,128823791,C,T,ADRD,,1
hg38,9,129107668,A,G,ADRD,,1
hg38,9,130325648,G,C,ADRD,,1
hg38,9,130338307,T,C,ADRD,,1
hg38,9,130338375,A,G,ADRD,,1
hg38,9,135549320,T,C,ADRD,,1
hg38,9,135615372,G,A,ADRD,,1
hg38,9,136211431,G,A,ADRD,,1
hg38,9,136285519,G,A,ADRD,,1
hg38,9,136286167,G,C,ADRD,,1
hg38,9,136286331,G,A,ADRD,,1
hg38,9,136286366,A,G,ADRD,,1
hg38,9,136291574,A,G,ADRD,,1
hg38,9,136302868,A,G,ADRD,,1
hg38,9,136669971,G,A,ADRD,,1
hg38,9,136858063,G,A,ADRD,,1
hg38,9,137048977,G,T,ADRD,,1
